Curvature_Deficit,Energy_m0,Energy_m1,Energy_m2,Energy_m3,Energy_m4,Energy_m5
0.0,5.783185962946838,14.68197064212387,26.374616427163392,40.706465818200314,206.5698103769924,493.6306322436379
0.01224489795918371,5.783185962946838,14.810233667624718,26.698520431754055,41.28901667519329,436.6633548591548,497.4341192133057
0.024489795918367308,5.783185962946838,14.942160215009112,27.03223522421179,41.88983802472556,439.64566046193255,501.3442621324249
0.03673469387755102,5.783185962946838,15.077906713958326,27.376197899799113,42.509763162840486,442.71138226538045,505.36555194571446
0.048979591836734726,5.783185962946838,15.217638504680975,27.730871272624135,43.14967526189965,445.86403491209944,509.5027326046975
0.061224489795918324,5.783185962946838,15.36153047447311,28.096745760864472,43.81051107501622,449.1073316469743,513.7608189797561
0.07346938775510203,5.783185962946838,15.509767749090027,28.474341437923467,44.49326496997854,452.4451984456398,518.1451163043264
0.08571428571428574,5.783185962946838,15.662546444544498,28.864210266616727,45.19899332698434,455.8817893591064,522.661241305285
0.09795918367346934,5.783185962946838,15.820074485511226,29.2669385355118,45.92881933840167,459.42150319753097,527.3151451915321
0.11020408163265305,5.783185962946838,15.982572497274543,29.683149518839166,46.68393825366514,463.0690016910339,532.1131386929871
0.12244897959183676,5.783185962946838,16.15027477898579,30.11350638400235,47.465623117419526,466.829229281484,537.0619193651066
0.13469387755102047,5.783185962946838,16.32343036694162,30.558715373683206,48.27523105529055,470.7074347174202,93.688340654634
0.14693877551020407,5.783185962946838,16.502304197670835,31.0195292929248,49.1142101682687,474.70919464638087,283.05368601550566
0.15918367346938778,5.783185962946838,16.687178381843836,31.49675133542635,49.984107104702325,478.84043942150674,97.5020712615332
0.17142857142857149,5.783185962946838,16.87835360142094,31.991239287754514,50.88657538777396,483.10748136781217,99.52044922202997
0.18367346938775508,5.783185962946838,17.076150644059837,32.5039101551627,51.823384586648466,487.51704578423835,101.61869347118885
0.1959183673469388,5.783185962946838,17.280912090642598,33.0357452585994,52.79643043130646,492.0763049936933,103.80132334850188
0.2081632653061225,5.783185962946838,17.49300417389724,33.58779585925816,53.80774598470446,496.7929157941273,106.0731913511257
0.2204081632653061,5.783185962946838,17.712818828524078,34.16118937451462,54.859514001634544,501.6750607118062,108.43951351244853
0.2326530612244898,5.783185962946838,17.94077595604712,34.757136258367474,55.9540806218586,506.7314935111562,110.90590309455551
0.24489795918367352,5.783185962946838,18.177325930861606,35.376937629600974,205.52871886741707,511.9715894801724,113.47840801714199
0.2571428571428571,5.783185962946838,18.422952377716744,36.0219937430472,436.01161004667233,517.4054010820079,116.16355250726878
0.2693877551020408,5.783185962946838,18.678175255251826,36.69381341329743,439.98211426535573,523.0437196488587,118.96838352651393
0.28163265306122454,5.783185962946838,18.943554285303954,37.394024516561345,444.10161303837026,528.898143892366,121.90052261639859
0.29387755102040813,5.783185962946838,19.21969277366214,38.124385715493965,448.37856800167,534.9811561197793,124.9682239018856
0.30612244897959184,5.783185962946838,19.507241874916378,38.8867995742385,452.822088339246,93.38321763066382,128.1804391087183
0.31836734693877555,5.783185962946838,19.806905362235884,39.68332725730954,457.4419934741097,95.71844796895002,131.5468905873971
0.33061224489795915,5.783185962946838,20.119444972549086,40.51620503705091,462.2488831391781,98.16625599049264,135.07815349808334
0.34285714285714286,5.783185962946838,20.44568640897445,41.38786287119721,467.25421585591556,100.73443644627864,363.30684721780295
0.35510204081632657,5.783185962946838,20.78652609582352,42.30094535572029,472.47039701513074,103.43148998652836,142.68224653522623
0.36734693877551017,5.783185962946838,21.142938797499045,43.25833541008828,477.9108779509617,106.26670254291678,146.7813875027711
0.3795918367346939,5.783185962946838,21.51598623167694,44.263181114082286,483.59026763313983,109.25023543256998,385.30078565883167
0.3918367346938776,5.783185962946838,21.906826829951402,45.31892618959818,489.524458881618,112.39322788355821,393.3522964884304
0.4040816326530612,5.783185962946838,22.31672682648012,46.42934471016717,495.73077134159615,115.70791399179825,401.80750584327626
0.4163265306122449,5.783185962946838,22.747072888028235,47.59858072858789,502.22811385746235,119.20775649490218,410.69636342181303
0.4285714285714286,5.783185962946838,23.199386538733176,48.8311936436192,509.03716936771093,122.90760020362507,420.0517743906139
0.4408163265306122,5.783185962946838,23.675340680904203,50.132210284989526,516.1806060270444,126.82384848573297,429.9099656029442
0.4530612244897959,5.783185962946838,24.176778572242213,51.50718488972809,523.6833189712031,130.97466687464345,440.31090677383133
0.4653061224489796,5.783185962946838,24.70573569150116,52.96226837976954,531.572708006568,135.38021870640702,451.2987963538382
0.4775510204081632,5.783185962946838,25.26446501301947,54.50428864281578,92.87883410559114,140.06293871439658,462.9226238479673
0.4897959183673469,5.783185962946838,25.855466319467034,56.140843879449434,95.98473041300052,145.04785178068332,475.2368228010625
0.5020408163265306,5.783185962946838,26.48152031724736,434.7198422077958,99.29232060216921,383.9961619307943,488.30203174334383
0.5142857142857142,5.783185962946838,27.1457284873331,440.6581296394757,102.82054506095152,394.04108339153345,219.1559460063448
0.5265306122448979,5.783185962946838,27.85155981517919,446.93487290210106,106.59068684668442,404.7207144005576,228.0311582946997
0.5387755102040817,5.783185962946838,28.602905808949576,453.57954738282916,110.62673411375124,416.0947438296915,237.5531832441572
0.5510204081632653,5.783185962946838,29.404145551737432,460.625121802355,114.95581039651698,428.2303717514551,247.78933866789117
0.563265306122449,5.783185962946838,30.26022296223979,468.108587372065,119.60868777417879,441.20350371673476,258.8161250092352
0.5755102040816327,5.783185962946838,31.176738988287614,476.07158545812774,124.62040181406984,455.1001764983365,270.72078925859125
0.5877551020408163,5.783185962946838,32.160062167698904,484.5611556968459,130.03099220505925,470.0182686584503,283.6032111511614
0.6,5.783185962946838,33.21746191426837,493.6306322436379,135.88639953736052,486.069563671199,297.57819025917445
